label	confidence
3	0.99410474
3	0.99539214
0	0.9693558
1	0.989283
3	0.99537927
4	0.99238676
1	0.9910506
0	0.95044994
1	0.99193764
6	0.99467564
3	0.9953805
1	0.99253047
5	0.9954594
1	0.9925274
2	0.9957521
1	0.9900355
5	0.99562967
0	0.9912398
5	0.9957828
2	0.9956609
5	0.99540186
6	0.9939678
5	0.9954347
5	0.9292524
2	0.9947849
4	0.9922794
3	0.99525356
2	0.99484444
3	0.9950608
6	0.99485195
4	0.992222
2	0.99565715
3	0.9693818
0	0.97731054
1	0.990419
5	0.9952799
6	0.994206
3	0.9951615
5	0.9957052
3	0.99519736
6	0.9942343
1	0.96348476
6	0.9947528
5	0.9955174
4	0.986123
1	0.98643655
0	0.9888905
0	0.99311197
3	0.9944068
0	0.98339117
6	0.99454397
2	0.9958561
2	0.9945945
0	0.9919425
1	0.98993576
1	0.9891425
4	0.98096716
0	0.9375717
2	0.9957163
5	0.9949248
2	0.9956739
3	0.9956075
5	0.9916817
1	0.9911622
6	0.99170333
3	0.99562013
0	0.9784758
1	0.99181926
0	0.9898611
unknown	0.5994048
0	0.9712823
2	0.99464774
6	0.99476963
4	0.9911182
4	0.9910185
2	0.99577904
3	0.99565554
2	0.9950915
0	0.9888676
3	0.9957788
4	0.8045421
3	0.9943672
5	0.99249023
3	0.99547803
6	0.99420506
3	0.995894
4	0.99205476
2	0.9957684
3	0.9951632
1	0.9801323
3	0.9953915
5	0.99529016
unknown	0.49319
4	0.9871991
3	0.99511236
2	0.9944698
4	0.99230635
4	0.9870049
5	0.99539655
5	0.9955693
0	0.9838091
6	0.9945308
6	0.9783628
3	0.99546015
4	0.99069315
6	0.99461454
6	0.9940133
1	0.99114734
3	0.9952156
6	0.99133146
6	0.99405015
1	0.9900743
4	0.99139297
4	0.98976254
1	0.98835504
0	0.8882034
2	0.9952666
5	0.99541795
2	0.9949698
3	0.9956084
3	0.9956341
2	0.9937184
4	0.98638266
unknown	0.52192104
0	0.9745048
5	0.98955876
3	0.9951086
1	0.99005854
4	0.98978823
4	0.9921594
4	0.9910879
4	0.9910059
2	0.9952598
5	0.9937875
2	0.9957573
5	0.9954843
4	0.99247754
2	0.99577594
1	0.99095523
1	0.981503
1	0.98998
0	0.98730403
1	0.97791475
0	0.9926374
0	0.9910806
6	0.9863081
0	0.99251246
0	0.78844297
3	0.9953329
1	0.93562603
1	0.9900891
5	0.99550146
5	0.9949834
5	0.99543554
3	0.9615381
1	0.9898091
unknown	0.4925604
5	0.9915549
6	0.994808
2	0.9956518
4	0.99135363
1	0.9899399
4	0.991851
2	0.9929802
4	0.9918734
4	0.989611
2	0.9956163
4	0.9677481
2	0.9944099
2	0.9951606
3	0.99461716
2	0.9948856
6	0.99414426
4	0.98435795
5	0.9952636
3	0.9950328
4	0.9920042
1	0.90668696
4	0.9909753
3	0.9957071
2	0.9950982
5	0.995536
5	0.9954965
2	0.9939516
1	0.98661816
1	0.9801261
0	0.9908878
4	0.9910761
6	0.9932196
5	0.99539006
2	0.9939753
5	0.97877455
5	0.995197
0	0.9831145
1	0.9895445
5	0.99529403
1	0.9858884
2	0.9951955
5	0.99531394
2	0.9956706
5	0.99547607
2	0.99352276
2	0.9946979
6	0.9944837
0	0.85727775
6	0.99409413
2	0.9946266
1	0.99086887
0	0.9927122
2	0.99597865
2	0.99464464
unknown	0.6000205
5	0.9954315
4	0.98782426
4	0.9906617
1	0.9824971
5	0.9955472
2	0.99572986
2	0.9945855
1	0.98504907
1	0.9910314
6	0.9841603
6	0.9938899
4	0.9911955
3	0.9955329
3	0.9955969
6	0.99445814
1	0.99247134
3	0.9955194
4	0.9900765
0	0.9834147
0	0.9879442
unknown	0.59965134
1	0.7754112
6	0.99471444
3	0.9953694
4	0.99151975
3	0.9953893
3	0.9955158
1	0.9637257
0	0.9808124
0	0.9471
2	0.9955366
6	0.9949684
6	0.995016
0	0.980794
2	0.9958001
0	0.9686522
0	0.99166745
2	0.995335
1	0.9914206
1	0.98188436
4	0.9878156
5	0.99546087
1	0.98777324
unknown	0.49746507
3	0.99581254
3	0.9953953
1	0.9791543
2	0.9948598
6	0.99397343
2	0.9946462
0	0.9925175
5	0.9956295
2	0.99587965
4	0.99091107
5	0.9953642
unknown	0.6509224
1	0.98084235
3	0.99539477
0	0.98882186
2	0.99560046
3	0.9952918
0	0.990758
0	0.98992294
0	0.9901507
3	0.994319
2	0.9956606
3	0.99539703
3	0.9957026
0	0.99178976
4	0.9810022
unknown	0.618312
4	0.99112
3	0.99484175
1	0.9760036
2	0.9944004
6	0.99476993
4	0.99163604
6	0.99151456
6	0.9943048
0	0.9902295
5	0.99555945
0	0.98608553
1	0.9915994
4	0.9919666
6	0.99489295
unknown	0.59800583
4	0.9915958
6	0.9946624
unknown	0.30040342
5	0.9950664
0	0.9824133
6	0.9940339
5	0.9908793
4	0.98728114
1	0.98404294
0	0.9920651
3	0.9954817
3	0.99542695
5	0.96880955
4	0.98706436
0	0.92016816
5	0.99553365
4	0.9920731
0	0.9803327
1	0.98584294
1	0.97923887
4	0.9919722
3	0.9722614
5	0.99515283
6	0.99409676
2	0.99470204
2	0.99506426
1	0.83942187
3	0.9953198
6	0.97401816
3	0.99551326
4	0.99197984
4	0.9915879
5	0.9955399
4	0.9923217
unknown	0.50469416
4	0.99216354
5	0.99561954
3	0.99523723
3	0.99552643
unknown	0.52192104
2	0.99579793
2	0.9936663
3	0.99551815
2	0.99449736
3	0.99562454
1	0.981123
3	0.99552864
2	0.9958718
6	0.9941107
6	0.99488324
5	0.9951945
6	0.99367476
3	0.9941636
5	0.9948091
5	0.9599897
6	0.99479854
6	0.99399596
unknown	0.52192104
unknown	0.51522917
2	0.9958301
6	0.9934323
4	0.98992795
6	0.99476165
1	0.99200827
0	0.98630375
2	0.9958668
1	0.9892373
1	0.98132765
6	0.9928152
3	0.99561244
3	0.99471
4	0.9855794
5	0.99536353
6	0.99473435
1	0.99060345
unknown	0.52192104
6	0.9939009
2	0.99561363
3	0.97542036
5	0.9913268
3	0.9953219
6	0.99478006
5	0.9954584
3	0.9953594
unknown	0.5937875
5	0.99538505
2	0.9956751
2	0.995539
5	0.9954649
0	0.94607276
3	0.99561477
3	0.9944152
0	0.97576237
6	0.93532366
0	0.97201926
6	0.9924246
0	0.9909105
2	0.99574476
0	0.9848849
6	0.99274707
3	0.99451643
4	0.9923124
4	0.9897354
1	0.9674119
5	0.968374
5	0.995393
0	0.9769766
3	0.99516445
6	0.9946316
5	0.9934624
5	0.9953821
3	0.9955393
3	0.9954747
5	0.99541456
3	0.99403995
5	0.995365
3	0.99522775
6	0.99420935
4	0.9922678
4	0.9907958
0	0.97475654
3	0.9954348
1	0.9910483
0	0.9728824
6	0.9941175
4	0.988983
1	0.99277157
2	0.9957168
0	0.9908348
0	0.9712229
3	0.99494255
6	0.9931503
1	0.992298
6	0.99317867
3	0.9952777
unknown	0.69739264
6	0.99476475
4	0.9900136
5	0.9953274
6	0.7283069
1	0.93879604
1	0.9912961
4	0.99049556
3	0.99576753
4	0.9862406
6	0.99426234
0	0.9460296
3	0.9951229
3	0.99477255
0	0.9570057
0	0.9764209
6	0.9932515
4	0.98857826
0	0.97892433
4	0.9911978
1	0.9872645
0	0.99092877
6	0.9939647
6	0.9941437
6	0.9933665
0	0.99214953
5	0.99527407
4	0.99179244
5	0.9953214
2	0.9957207
5	0.98738164
4	0.9920185
3	0.99563396
0	0.98716563
0	0.99246514
3	0.99554694
1	0.98842853
5	0.9956087
6	0.9931079
1	0.90293694
4	0.98422056
3	0.9956773
0	0.98607224
1	0.98152024
4	0.99193543
5	0.99530697
2	0.9946292
6	0.9909392
2	0.995607
4	0.9916693
6	0.99466234
2	0.9957421
2	0.99490035
5	0.9955524
0	0.98292315
0	0.98058397
5	0.9934266
1	0.98743564
1	0.99113935
1	0.97609967
5	0.99569464
2	0.99381363
0	0.9907765
2	0.99517196
5	0.99591964
3	0.99546665
2	0.99531746
2	0.9956187
1	0.9803036
4	0.9918458
5	0.99524623
3	0.9954078
5	0.99532217
3	0.9950023
1	0.99197596
3	0.99557006
0	0.9511691
unknown	0.5966672
5	0.9955752
4	0.98177665
4	0.9919397
6	0.9941968
1	0.99089235
0	0.99106795
4	0.99118465
3	0.99525505
unknown	0.6118688
4	0.9918339
3	0.9953476
6	0.9937416
0	0.9666358
2	0.9955216
unknown	0.49318558
5	0.9954571
2	0.99509346
1	0.98566586
2	0.9953779
4	0.9910325
1	0.9873055
5	0.9955079
1	0.98939973
5	0.9948633
4	0.991668
3	0.9949771
5	0.9952911
3	0.9956074
1	0.92120624
0	0.9381615
2	0.9944745
0	0.9926875
3	0.9953236
unknown	0.4941396
1	0.93029267
5	0.99549973
5	0.9953436
3	0.99510723
1	0.9875254
3	0.99541914
2	0.9953245
6	0.9939688
3	0.9955887
3	0.9956602
3	0.99565107
4	0.99202305
6	0.9944302
4	0.98337734
unknown	0.51522917
4	0.98985034
3	0.995413
2	0.9956889
1	0.9904617
2	0.9951603
6	0.9846946
6	0.9900337
3	0.9951513
2	0.9956935
5	0.995338
2	0.9957369
6	0.99495035
0	0.99185556
3	0.99563897
2	0.9952796
5	0.9956319
4	0.99214125
4	0.9794779
0	0.99229854
1	0.9917986
4	0.9784895
4	0.9921997
6	0.99401283
5	0.9880377
3	0.9948747
2	0.9958131
0	0.99286485
6	0.99457306
unknown	0.52192104
2	0.99582523
1	0.97972417
6	0.9944844
5	0.9953616
0	0.99066335
0	0.98332965
3	0.99539083
0	0.99257404
3	0.9941261
5	0.99554545
2	0.9946664
1	0.9914904
3	0.99562204
3	0.9953519
5	0.99551415
3	0.99539655
1	0.99104285
0	0.99064183
1	0.9892746
6	0.9935669
3	0.9955385
5	0.99568695
5	0.99567306
5	0.9955546
3	0.99520725
3	0.99495786
2	0.9957557
2	0.994137
3	0.9938794
4	0.9834075
3	0.99548143
0	0.9907878
2	0.99493825
3	0.9957547
6	0.9949098
6	0.99393374
5	0.9953564
6	0.99383074
4	0.98535585
1	0.9794047
0	0.98544955
6	0.9945721
3	0.9956706
6	0.99475837
4	0.99194044
2	0.99588
1	0.99067175
1	0.988404
4	0.9910723
3	0.99497855
3	0.9955351
5	0.9956576
1	0.987779
2	0.9938092
4	0.9920391
6	0.9858803
6	0.9933631
6	0.9932073
4	0.99032193
4	0.99240065
5	0.99542797
6	0.99442226
4	0.98859996
unknown	0.54703885
3	0.9951898
2	0.994667
3	0.9955935
6	0.9924032
4	0.97458744
4	0.8430949
4	0.9908372
1	0.9858047
0	0.98677367
4	0.9921165
6	0.9936281
6	0.98490727
6	0.99438065
0	0.97725964
1	0.9921345
1	0.9897944
0	0.9913728
6	0.99429727
6	0.99155146
1	0.99139583
4	0.9903419
6	0.99452025
2	0.9943235
4	0.991952
6	0.99452204
5	0.99542487
6	0.994588
3	0.9957748
0	0.97878164
1	0.9784582
0	0.99154085
4	0.99185425
0	0.79298794
1	0.9556013
1	0.9916437
4	0.98947865
1	0.9889016
0	0.9860629
4	0.9914289
0	0.98433477
6	0.99399793
0	0.9921383
6	0.9938462
1	0.98798895
5	0.995372
3	0.9950633
5	0.99503046
4	0.9921022
2	0.99568665
0	0.99126405
6	0.99420255
6	0.99346274
unknown	0.5984015
4	0.99211085
5	0.9954732
3	0.9948455
2	0.9947959
6	0.99004525
unknown	0.51522917
3	0.99548626
2	0.99582434
1	0.9914976
0	0.9848339
5	0.99510854
6	0.9947084
2	0.9953067
3	0.9953182
0	0.96440154
2	0.9945958
5	0.99535197
1	0.9704074
3	0.99514645
5	0.99273765
5	0.99561495
0	0.989876
3	0.9955712
4	0.99116474
0	0.98926204
3	0.9956384
6	0.9943751
5	0.99552995
1	0.99037707
4	0.9892056
4	0.9907928
1	0.98997265
4	0.98743844
1	0.978817
0	0.99110126
1	0.98915946
4	0.9919031
3	0.99542665
4	0.9910182
0	0.9842469
2	0.99548453
4	0.991865
6	0.9946107
6	0.99460286
3	0.99573547
1	0.97947043
4	0.99201494
1	0.9760769
6	0.9938594
3	0.99531347
5	0.9916723
3	0.99497014
5	0.9952046
0	0.9885443
unknown	0.6713991
2	0.99380004
1	0.9910269
3	0.99554366
1	0.98925596
3	0.99498063
3	0.99550444
5	0.9953494
unknown	0.51522917
2	0.9943207
2	0.9947689
0	0.9819735
2	0.9940576
5	0.9875092
4	0.98950607
0	0.9921157
3	0.9956656
5	0.99526733
2	0.99457556
6	0.9935202
0	0.9863342
unknown	0.4873122
unknown	0.6588486
5	0.99563044
1	0.9907861
4	0.98615247
5	0.9946898
2	0.9958593
1	0.98514897
3	0.9956763
6	0.9932812
2	0.99510634
3	0.9956603
2	0.9949828
6	0.9937546
2	0.9956301
6	0.9943818
1	0.977064
3	0.99567854
0	0.9743952
3	0.99554765
3	0.99569225
4	0.9921977
2	0.9957534
2	0.9957111
unknown	0.64131427
2	0.99521375
0	0.9918372
6	0.9946299
2	0.99576634
4	0.9900385
5	0.9953181
4	0.99080217
6	0.99417865
3	0.9950459
5	0.995653
3	0.99557066
2	0.995212
6	0.99473155
3	0.9957203
4	0.98781985
4	0.99009854
5	0.9913238
6	0.9921197
5	0.9923361
6	0.99503917
4	0.9886334
1	0.9283648
3	0.9955752
1	0.98722404
1	0.99098027
3	0.9933175
0	0.9459525
4	0.9912332
6	0.9942403
5	0.9953155
6	0.99390405
0	0.99143565
1	0.99232465
6	0.9910639
4	0.9910333
unknown	0.5781663
1	0.99164623
6	0.99191827
5	0.98908067
5	0.99022484
2	0.9954442
1	0.986174
4	0.9914877
4	0.99121886
4	0.9924989
3	0.99558043
4	0.990528
3	0.9952188
1	0.98439276
2	0.99513596
5	0.9950856
6	0.9940796
5	0.98970485
3	0.9947406
2	0.9954317
6	0.9901926
5	0.9955532
4	0.99110466
1	0.9883028
5	0.9956399
4	0.9830439
1	0.9925368
0	0.9902457
2	0.9952049
1	0.9867606
0	0.9930074
4	0.98632336
2	0.99409276
1	0.9858559
4	0.9837827
5	0.9953838
5	0.9951688
2	0.9947287
4	0.99114805
5	0.9955015
3	0.9956579
0	0.99075204
5	0.99540055
4	0.9917307
5	0.99522346
6	0.9926246
5	0.9950789
0	0.96396387
0	0.9888137
4	0.9841987
unknown	0.6006259
6	0.99469006
2	0.99381185
5	0.99533314
4	0.99167675
4	0.9922545
6	0.9948803
4	0.98917115
6	0.9946674
2	0.995435
2	0.99566996
3	0.99583226
1	0.9816032
6	0.99340963
0	0.9776526
2	0.99468344
1	0.9919507
6	0.99472046
3	0.99567807
4	0.9827072
4	0.99205375
1	0.9862533
6	0.9939379
2	0.9957601
6	0.99473923
1	0.98827267
5	0.9954254
1	0.98654974
4	0.98695344
1	0.95026934
5	0.99248135
6	0.99482405
2	0.994165
1	0.9920323
2	0.9957511
3	0.9954132
6	0.9945901
6	0.99077857
5	0.9952353
6	0.99472463
6	0.9937295
unknown	0.52192104
1	0.9915892
1	0.98740965
4	0.99055445
5	0.99553454
1	0.9917257
2	0.99573207
5	0.7430675
unknown	0.65373725
5	0.99533963
1	0.81052375
4	0.99133635
4	0.992661
4	0.9887424
3	0.9953082
5	0.7842099
1	0.98801535
6	0.99412876
6	0.99456596
4	0.99067575
4	0.9911674
0	0.99175483
6	0.99421203
5	0.99556124
unknown	0.49415106
2	0.9957178
2	0.9946482
6	0.9926981
unknown	0.65302813
5	0.9922204
2	0.99468607
1	0.99180895
4	0.98566014
6	0.99391997
4	0.9771246
2	0.99492866
3	0.9959192
5	0.99541306
4	0.9894085
0	0.97868633
4	0.9927038
3	0.99531907
4	0.99152637
6	0.99432886
6	0.99444485
unknown	0.4961617
2	0.99495524
5	0.9949515
1	0.99170035
6	0.99473584
5	0.99507695
4	0.98977304
2	0.99571794
6	0.9947724
3	0.99557436
4	0.9915638
6	0.9943018
5	0.9954093
2	0.9957135
1	0.992018
6	0.99010193
4	0.99247
2	0.9958432
3	0.99559915
0	0.992423
3	0.99559414
3	0.9951108
0	0.9919094
3	0.99583185
2	0.99468887
3	0.99517065
6	0.9945042
5	0.995411
0	0.99120545
1	0.9881291
6	0.99385136
5	0.9889881
0	0.74583066
0	0.9841922
4	0.9916735
0	0.9856193
4	0.99227744
0	0.9795578
2	0.9958495
3	0.9955097
5	0.99511224
unknown	0.49177897
3	0.9947642
2	0.9957026
5	0.9952455
unknown	0.49782097
unknown	0.6307491
6	0.9923537
3	0.99532163
4	0.9913331
3	0.9951616
2	0.9958735
unknown	0.58339006
5	0.9955693
2	0.9949893
3	0.9949136
0	0.99241894
2	0.99508256
5	0.99555516
1	0.9902648
2	0.99581736
0	0.9325598
0	0.97142094
3	0.99482465
0	0.99193525
4	0.99008334
2	0.99577504
1	0.9901415
3	0.9955196
4	0.9896967
2	0.99482834
3	0.9952683
1	0.99181116
5	0.9916761
2	0.99525404
5	0.9952886
1	0.98732686
2	0.99580395
2	0.9950972
2	0.99560946
unknown	0.43956488
3	0.99496686
4	0.9912737
6	0.994644
4	0.9895153
6	0.9946059
6	0.99486357
5	0.9953387
3	0.99559265
0	0.99309987
1	0.98700356
5	0.9951654
3	0.9956463
4	0.98124874
3	0.9954267
6	0.9866195
2	0.99448866
0	0.9921309
2	0.9958303
1	0.97027314
5	0.93984044
1	0.98531765
1	0.99034405
1	0.93220246
4	0.98634946
2	0.9944267
2	0.9958675
2	0.99269575
2	0.9954052
unknown	0.64675415
0	0.99082226
1	0.98724294
2	0.9953994
4	0.99204046
4	0.9926673
2	0.9958029
1	0.989164
1	0.95760924
1	0.991824
6	0.9863172
2	0.994334
0	0.9658372
0	0.98459864
3	0.9954243
6	0.983879
4	0.9878021
2	0.99466234
4	0.9917653
0	0.7507291
5	0.99531186
5	0.99132663
1	0.9603173
5	0.99228114
5	0.9931296
3	0.99472845
5	0.9951341
4	0.99277675
1	0.98125094
6	0.99316233
2	0.9948298
5	0.9954501
1	0.9907915
2	0.99556637
3	0.9957498
6	0.9940326
1	0.9914167
5	0.99544966
4	0.9911512
4	0.9894927
1	0.9895075
3	0.99529546
4	0.99256915
0	0.99203855
2	0.995682
2	0.9958011
unknown	0.49801546
5	0.99063003
0	0.98168826
0	0.97511
1	0.92706126
0	0.99009174
1	0.9912473
1	0.979168
unknown	0.45171362
1	0.99200857
6	0.9946639
0	0.99269104
5	0.99540794
3	0.9949067
unknown	0.49561542
1	0.77247643
1	0.87457895
5	0.99505675
6	0.9898219
1	0.98952043
5	0.9953133
0	0.98494446
6	0.9943356
4	0.9176978
2	0.99560237
2	0.99578315
0	0.9012252
2	0.9958781
6	0.99468887
0	0.9856898
unknown	0.4945894
1	0.9792287
0	0.9772952
0	0.9926467
3	0.9952798
2	0.9958108
3	0.91432494
5	0.995424
5	0.9916662
5	0.9954314
4	0.9892506
2	0.9956731
0	0.991437
1	0.9877914
5	0.9951904
6	0.9940418
0	0.7860194
0	0.93089265
1	0.976861
5	0.9956432
unknown	0.49076027
3	0.99540526
0	0.8839466
1	0.9850356
6	0.9916841
4	0.9777563
1	0.98959595
3	0.99536824
6	0.99480355
3	0.99472797
5	0.9953165
4	0.9853143
3	0.9953094
3	0.9953119
3	0.9954947
6	0.9938706
0	0.97910005
1	0.98860455
4	0.98955667
3	0.9955015
4	0.98174334
0	0.98458165
3	0.9218265
1	0.98169535
4	0.98946065
3	0.99471205
1	0.95387065
3	0.99533635
5	0.99490154
3	0.9949925
4	0.9850097
5	0.99011874
6	0.9950208
1	0.9882455
6	0.99496174
2	0.98490405
0	0.9904397
2	0.9951756
3	0.99547267
5	0.9258791
5	0.99534
2	0.9955433
5	0.99533796
6	0.9946885
5	0.99181163
5	0.9953489
4	0.9885787
0	0.9902108
4	0.99180114
1	0.99249667
3	0.97706914
3	0.9954306
0	0.9673003
4	0.9910919
3	0.9957129
4	0.987856
0	0.99031556
3	0.99561846
2	0.9941002
5	0.9953701
2	0.9957142
3	0.9951864
1	0.9863126
5	0.99570704
0	0.99209076
0	0.9915461
3	0.9957014
2	0.99453497
1	0.9752033
3	0.9950265
2	0.9945763
1	0.83019316
0	0.98417616
5	0.99492097
unknown	0.63397074
2	0.99533176
1	0.8468098
5	0.99386454
2	0.9955897
5	0.9951804
5	0.9953593
5	0.9955387
5	0.995583
5	0.99534327
3	0.9956267
1	0.989655
3	0.99551094
3	0.995601
4	0.9857669
unknown	0.51522917
5	0.995165
3	0.99521077
2	0.99340045
3	0.99501
6	0.99528944
3	0.99489325
1	0.98826295
1	0.9883454
5	0.9953378
4	0.9874066
4	0.99160624
1	0.99192125
2	0.99432325
2	0.9951876
4	0.9910594
2	0.995709
1	0.98934525
0	0.9910703
4	0.9910182
5	0.99540573
3	0.99538976
4	0.99084324
1	0.9909443
5	0.99532586
4	0.9907542
6	0.9949325
5	0.9954311
5	0.99546283
0	0.9800595
4	0.98980725
0	0.9889257
4	0.9906455
5	0.9956218
2	0.9946586
3	0.99573207
5	0.99488
4	0.9890422
5	0.9953384
4	0.9914486
5	0.9956972
6	0.9928715
4	0.97300273
6	0.9941155
6	0.9940494
6	0.99492544
6	0.99509174
4	0.98441005
5	0.9913203
5	0.9911216
4	0.9903213
2	0.99569494
2	0.99572736
4	0.9843095
5	0.99551105
0	0.98329353
5	0.9955621
unknown	0.5437168
3	0.99566716
2	0.99354273
1	0.99005044
3	0.9954659
0	0.9824608
1	0.9928578
6	0.9931724
4	0.99134564
0	0.87940294
3	0.99542475
4	0.9811274
3	0.99539834
3	0.9954718
5	0.9952685
1	0.97708356
4	0.98838675
0	0.9919765
1	0.9723227
2	0.99559504
0	0.98788756
5	0.9918584
1	0.99171555
unknown	0.49057245
unknown	0.51522917
6	0.99085975
2	0.99434537
2	0.9950676
6	0.9943197
0	0.9825795
4	0.9918868
4	0.9919032
6	0.993841
2	0.9948009
6	0.99343634
6	0.99420357
5	0.9954487
5	0.9953719
unknown	0.6588486
5	0.9905586
4	0.98955613
5	0.99522644
5	0.9956624
2	0.9946253
4	0.99214685
3	0.99559224
1	0.99141
6	0.9939347
3	0.9938768
0	0.991406
4	0.9899694
unknown	0.60562843
2	0.99492943
5	0.995424
6	0.9947046
3	0.9953557
6	0.9929283
2	0.9959311
1	0.989381
2	0.9950079
3	0.9953433
0	0.98964024
5	0.9951389
0	0.99221724
2	0.99553627
2	0.9944955
1	0.96958274
5	0.99561226
5	0.99537116
5	0.9955413
0	0.99143994
5	0.995443
2	0.9948489
0	0.9787876
2	0.99412066
6	0.99453
0	0.9912568
1	0.98924655
4	0.9843337
1	0.99283445
5	0.9951689
unknown	0.6762713
0	0.97044903
6	0.9944844
1	0.98651373
0	0.98430294
1	0.9901909
0	0.9883255
4	0.99112564
6	0.9952649
4	0.9902892
4	0.9916199
5	0.9910196
4	0.9910809
2	0.99563265
3	0.9957464
5	0.99502987
3	0.99551934
1	0.988459
6	0.99406683
4	0.9922444
3	0.99532896
6	0.9948113
2	0.9954076
5	0.99249524
0	0.9404916
unknown	0.6098459
2	0.9945237
6	0.9945221
6	0.99434686
1	0.99271613
2	0.99515015
0	0.9827637
1	0.98956066
4	0.989886
2	0.9943253
2	0.9945822
1	0.99140966
0	0.99214655
5	0.98764044
0	0.9920186
5	0.9952815
0	0.99051774
6	0.995061
6	0.9945807
5	0.9899429
1	0.9922794
5	0.99545664
6	0.9626826
3	0.9954985
5	0.995435
2	0.99422526
1	0.9908916
2	0.98807573
1	0.9877038
2	0.9958867
2	0.9950455
6	0.9875613
5	0.9952951
5	0.9954594
4	0.9103739
2	0.9942821
2	0.994645
0	0.99168634
unknown	0.6788533
0	0.9915022
0	0.99086833
3	0.9952036
5	0.9949828
5	0.9954398
6	0.99352384
3	0.99405116
4	0.99213034
1	0.9879791
4	0.9907468
2	0.9943582
3	0.9955502
3	0.9953721
0	0.9787128
5	0.99517715
1	0.990967
3	0.99509084
3	0.99541384
6	0.99001306
2	0.9958153
5	0.9954432
5	0.989453
5	0.99567443
3	0.99451643
0	0.98175716
6	0.9940453
3	0.9954972
6	0.9881444
3	0.98435134
1	0.94988453
1	0.9918205
2	0.99450666
2	0.99512565
0	0.9908416
2	0.9952634
5	0.99545527
6	0.994968
3	0.99504143
1	0.98991495
0	0.98357326
6	0.9948233
6	0.99432737
3	0.995054
6	0.99449646
6	0.9946875
0	0.99024385
1	0.990335
3	0.99551237
6	0.9943761
4	0.99031883
1	0.98129606
2	0.9953993
2	0.9951045
6	0.9935545
6	0.9936307
5	0.99548316
unknown	0.5857998
1	0.9825675
0	0.9808425
0	0.9894787
0	0.9831508
3	0.99514437
2	0.99455
0	0.8698542
2	0.99499625
6	0.99498105
1	0.9888153
5	0.99559444
4	0.9892083
6	0.9877236
2	0.9958433
4	0.992062
6	0.9895156
1	0.9854691
6	0.99478495
2	0.99481684
3	0.9955333
6	0.9901597
2	0.9956423
unknown	0.48597616
3	0.9956232
0	0.9834009
5	0.9956708
6	0.98986006
1	0.91187906
6	0.9939229
3	0.99555516
6	0.9941715
unknown	0.6249565
3	0.9953352
2	0.9945065
0	0.98328704
4	0.99069846
2	0.9958133
6	0.99455106
2	0.99516505
unknown	0.6318381
0	0.9507181
3	0.9948383
unknown	0.6572871
6	0.9950648
1	0.9922916
1	0.9538338
3	0.9954337
4	0.99004126
6	0.9938397
6	0.99464566
1	0.98205054
3	0.9951042
4	0.99193233
0	0.9809048
2	0.9950609
5	0.99503833
6	0.9943763
0	0.9833675
4	0.9896326
6	0.9904626
1	0.8946967
4	0.9919254
6	0.99425006
unknown	0.44540107
6	0.99477524
6	0.9938144
6	0.99434483
1	0.95669186
1	0.9914913
3	0.99429464
4	0.978637
1	0.9916023
5	0.9954526
3	0.99538577
4	0.991922
0	0.9092201
2	0.99474645
2	0.9945487
4	0.9915617
4	0.99086064
5	0.99566436
4	0.9911796
5	0.9955859
5	0.9954791
4	0.9913592
5	0.99549013
unknown	0.5977975
0	0.9923938
1	0.9806036
1	0.9819488
3	0.9955664
2	0.9946873
4	0.98044306
1	0.9917231
0	0.98423237
4	0.99127996
6	0.99317235
0	0.8911837
1	0.9515762
2	0.99569124
6	0.99385023
5	0.8034241
6	0.99451697
2	0.99576384
2	0.9952443
5	0.9953338
4	0.99209785
6	0.97923726
3	0.9949472
2	0.99561787
3	0.99524397
unknown	0.6588486
2	0.9925242
4	0.9898689
1	0.9896074
2	0.99465674
5	0.995475
4	0.98999345
5	0.9956523
5	0.9954247
5	0.9954004
5	0.9953136
unknown	0.6318717
4	0.98959047
unknown	0.5005753
5	0.99499613
0	0.99155134
1	0.907377
5	0.99529666
4	0.9913944
6	0.9943188
2	0.9950511
6	0.982727
1	0.98822796
1	0.99193144
1	0.9917385
0	0.9898234
4	0.99099004
1	0.9864258
5	0.99525636
1	0.9913961
4	0.99216825
4	0.99201226
4	0.9912343
0	0.9062662
0	0.98666835
3	0.9957293
5	0.9951407
2	0.9936528
2	0.99562234
4	0.99140495
3	0.9955455
0	0.9929495
6	0.99459106
4	0.9901821
2	0.99464005
5	0.9919699
unknown	0.52192104
3	0.9743676
1	0.97237915
2	0.99437344
6	0.98029375
1	0.98380053
0	0.9663145
2	0.9944244
0	0.9913479
1	0.9842841
4	0.9895894
4	0.99110377
2	0.9945436
4	0.987872
4	0.9107762
5	0.9950135
5	0.9952794
2	0.99503475
4	0.98863596
4	0.9922753
5	0.99542516
2	0.9940052
5	0.77737224
2	0.99574935
1	0.99136007
1	0.975076
unknown	0.6371306
2	0.9956247
4	0.99207467
3	0.9955075
2	0.9934175
2	0.9952383
2	0.99426645
3	0.9955225
4	0.98801094
1	0.9885206
1	0.9393949
0	0.83232075
6	0.9942772
1	0.98187274
6	0.99305165
4	0.9921335
5	0.9883606
2	0.9949791
4	0.990732
3	0.99507046
4	0.9924224
0	0.7982234
4	0.9907496
2	0.9955858
5	0.99541485
1	0.9912699
3	0.99542594
1	0.7820096
5	0.9953444
2	0.9941192
4	0.99195784
0	0.9736222
5	0.99557984
4	0.9918323
4	0.9927324
0	0.9798472
1	0.9881125
0	0.87675774
6	0.9940238
1	0.9902037
0	0.9452467
5	0.9953434
1	0.9494812
3	0.995702
2	0.9951949
6	0.9941405
4	0.98875564
5	0.99513185
4	0.98284364
2	0.99537265
2	0.99489486
6	0.9914411
0	0.9901621
5	0.9954209
2	0.995607
4	0.98694307
2	0.99539554
6	0.99452454
4	0.9889345
unknown	0.4556803
2	0.995815
2	0.99539167
2	0.99178207
6	0.994488
4	0.9884968
1	0.9892727
4	0.9833375
6	0.98602176
2	0.9957114
1	0.77152663
5	0.99050033
6	0.9940655
4	0.99204654
4	0.98455924
0	0.7069528
4	0.9756182
4	0.9894026
2	0.99561715
2	0.99568105
6	0.99465835
1	0.98741543
6	0.99436504
0	0.99075705
unknown	0.2973324
5	0.9955029
3	0.99518156
2	0.9959207
3	0.99525297
2	0.9945574
3	0.9955253
3	0.99492264
5	0.99512935
2	0.9957316
1	0.98361224
3	0.99569947
3	0.99580276
6	0.9938877
4	0.99080145
6	0.99425036
1	0.9907418
unknown	0.54969794
5	0.9949613
4	0.9914271
4	0.9927327
4	0.978809
6	0.9943053
3	0.99323195
unknown	0.6621245
6	0.9942441
1	0.9902483
1	0.9359662
2	0.99482733
2	0.9939464
3	0.99559206
5	0.99554425
4	0.98119414
0	0.98404974
1	0.9907043
5	0.99515283
1	0.9905374
1	0.8055495
0	0.98648673
4	0.9903413
4	0.9908746
0	0.9925634
3	0.9954106
1	0.9865567
2	0.99570173
1	0.9844577
3	0.9957885
0	0.99172974
1	0.9895601
5	0.99553406
1	0.98496383
2	0.9957169
2	0.9946481
2	0.994696
1	0.9821543
1	0.983598
2	0.99569714
3	0.9955397
6	0.9940383
5	0.9952363
5	0.99539703
1	0.99177057
6	0.9946468
3	0.9957421
0	0.87673056
unknown	0.47762096
2	0.99576306
0	0.76836395
4	0.9911729
6	0.993604
4	0.9918665
0	0.9919219
6	0.9912462
5	0.99541444
1	0.98992944
6	0.9949293
0	0.99192256
2	0.9943659
2	0.9950164
unknown	0.4465291
3	0.9951644
3	0.9955602
2	0.9952896
1	0.9867324
4	0.9903996
2	0.9943565
2	0.9959188
1	0.9906155
6	0.9936702
3	0.9948463
5	0.99542296
2	0.99576354
0	0.992874
5	0.9953473
3	0.9945989
3	0.99544233
6	0.99305725
3	0.99540323
3	0.99552065
4	0.9927432
6	0.7479675
0	0.9900701
6	0.9939841
0	0.9851544
0	0.990272
3	0.99561536
3	0.9604251
0	0.97366595
1	0.99210715
5	0.79980564
0	0.97232777
6	0.98442733
2	0.99547124
3	0.9951827
6	0.9929476
3	0.99515307
2	0.9948842
2	0.9958307
0	0.99117386
5	0.9955695
3	0.9956134
0	0.98827094
4	0.9908375
unknown	0.65373725
0	0.9925545
4	0.99237734
3	0.9946965
2	0.9955949
1	0.98523176
0	0.98330706
4	0.99166363
4	0.9923153
5	0.99382985
3	0.9954837
5	0.9953565
4	0.99064136
0	0.99199533
2	0.99581426
6	0.99458396
2	0.9949841
6	0.99385697
6	0.9916979
6	0.9837391
4	0.9914499
3	0.995224
3	0.99500185
2	0.9958488
6	0.9945379
6	0.99228466
6	0.9938536
5	0.9953372
6	0.9887732
5	0.9954301
1	0.9911946
1	0.98021734
1	0.8319637
6	0.9942101
2	0.9956465
5	0.99540555
0	0.9918823
unknown	0.5838311
2	0.9941305
0	0.97036964
4	0.98927724
4	0.7840144
0	0.9905928
4	0.9818474
3	0.99517334
4	0.99175733
4	0.99094796
1	0.9919461
2	0.9947886
0	0.9921244
1	0.9897867
1	0.9908746
unknown	0.49293554
5	0.9953544
0	0.9929544
5	0.9952476
5	0.9954715
6	0.98876417
0	0.9916757
5	0.9952051
5	0.94164413
5	0.9954983
2	0.9948475
4	0.9821438
3	0.99544096
5	0.99524796
2	0.99568486
0	0.9587528
1	0.9719562
4	0.991344
1	0.9919981
4	0.9898088
1	0.99116343
4	0.9688061
4	0.99128807
4	0.989975
5	0.99547964
1	0.9209862
2	0.995702
2	0.9876861
unknown	0.65373725
2	0.99592686
3	0.9957331
4	0.99231124
6	0.98679686
unknown	0.51522917
5	0.99506795
1	0.988818
2	0.9941554
1	0.9845622
5	0.99527353
0	0.9854344
0	0.9689987
2	0.9958482
3	0.99554765
2	0.99410015
1	0.9913036
3	0.9955832
1	0.9899929
1	0.99150085
2	0.99417937
2	0.99567366
6	0.9940867
3	0.99304754
3	0.9943146
3	0.9952646
2	0.9959384
unknown	0.49520224
1	0.9765314
1	0.99072444
2	0.9956819
0	0.93830913
3	0.9956087
5	0.9958254
5	0.9953657
0	0.98291075
1	0.9834146
0	0.9921018
5	0.9954514
3	0.9955049
4	0.9913454
6	0.9947035
4	0.9919628
5	0.9955854
0	0.97652817
0	0.992289
5	0.9953328
4	0.9917679
2	0.995362
4	0.9906629
3	0.9956801
2	0.9945502
2	0.9955272
2	0.99579185
3	0.99565923
5	0.995225
1	0.99161994
0	0.9855946
6	0.994096
3	0.9954934
0	0.9811287
5	0.99541676
4	0.99230707
6	0.9926233
6	0.9947845
unknown	0.4661404
2	0.9950496
1	0.9912642
4	0.98941016
0	0.89934766
2	0.9957857
5	0.99029857
3	0.9746306
6	0.9927942
3	0.99052685
4	0.9896992
5	0.9953837
1	0.98989654
6	0.9939656
2	0.9944037
1	0.98748547
3	0.99376786
2	0.99583375
0	0.9802232
4	0.9791568
0	0.9919149
2	0.9957504
1	0.99231166
4	0.9916089
3	0.99525654
0	0.99113953
unknown	0.30127436
2	0.9944901
4	0.99182373
6	0.9889497
5	0.8525982
0	0.98945785
2	0.9957111
0	0.98267025
5	0.9955203
1	0.987344
0	0.97902006
3	0.9953984
0	0.97013813
6	0.99419713
6	0.99406374
6	0.99467236
2	0.9955964
2	0.9939744
1	0.98836136
6	0.98156655
5	0.9950856
5	0.99164826
6	0.9941421
6	0.99392253
0	0.99041384
6	0.992724
4	0.9827271
5	0.9954671
6	0.99492145
2	0.99498004
3	0.9951869
4	0.9893868
4	0.9921839
2	0.9943292
2	0.9953264
5	0.9951119
1	0.9750179
5	0.9564742
4	0.9912128
6	0.9944188
2	0.99568313
3	0.9955368
2	0.9956558
5	0.9955929
1	0.9898883
0	0.990608
5	0.9952028
3	0.99528944
1	0.98765194
0	0.9918365
0	0.9316331
1	0.9586286
1	0.9802318
6	0.99127173
6	0.99456954
4	0.99174464
1	0.9910681
3	0.99572045
3	0.99545366
6	0.99360037
4	0.81238425
6	0.9947777
1	0.98875666
3	0.99508923
4	0.99010134
unknown	0.62656045
5	0.99534035
6	0.9940204
6	0.9934867
3	0.9946555
2	0.9953284
4	0.977539
1	0.9738326
4	0.7166903
4	0.99116313
3	0.99556464
1	0.9903023
0	0.97145927
4	0.99216145
2	0.9958808
2	0.99520856
3	0.99590725
3	0.99574775
6	0.9942621
3	0.95699143
4	0.9909865
4	0.99254984
3	0.9955204
3	0.9954489
5	0.98398775
5	0.9954257
2	0.99547666
6	0.9944946
6	0.9743986
4	0.81856817
5	0.995652
4	0.99214786
2	0.9957335
3	0.99543095
0	0.9211184
4	0.9915671
4	0.9914471
0	0.9901948
2	0.995078
1	0.9910684
6	0.99358404
unknown	0.48916274
3	0.9949315
5	0.9953781
6	0.99482304
6	0.88451266
4	0.9908453
6	0.994364
unknown	0.52192104
4	0.9905105
3	0.9951815
2	0.9958477
5	0.9951633
3	0.9954931
5	0.99537563
0	0.99298495
5	0.994948
2	0.9951955
6	0.9924083
3	0.99478734
0	0.990788
1	0.99191135
0	0.991056
3	0.99555737
1	0.9839872
0	0.9840261
1	0.99003
2	0.9954803
1	0.97919554
6	0.99240416
5	0.99545574
5	0.99502856
3	0.9954248
6	0.99509335
2	0.99588525
2	0.9955576
2	0.99557906
5	0.99554604
2	0.99495023
0	0.840952
4	0.9918509
0	0.9834879
6	0.9925012
4	0.99210453
4	0.9915457
6	0.9941368
1	0.98216516
6	0.99405533
3	0.995646
0	0.9907287
6	0.96318203
2	0.995618
5	0.9954918
3	0.9956707
0	0.99193966
0	0.99280334
0	0.9899542
2	0.99443495
2	0.99528694
0	0.98262185
4	0.98582965
6	0.99461544
5	0.9956283
6	0.9840358
0	0.98724675
4	0.99250275
0	0.989333
6	0.9947633
6	0.99449027
3	0.9952452
2	0.9955849
2	0.99465984
unknown	0.52192104
6	0.99466574
1	0.99088687
1	0.9799228
0	0.9889658
0	0.9859368
2	0.9957032
3	0.99557
3	0.9953135
3	0.99525505
0	0.99220604
1	0.98986864
4	0.9908041
2	0.9953974
1	0.9913813
6	0.9945965
2	0.9952004
5	0.99520534
4	0.9894566
2	0.9931302
2	0.9957745
3	0.9945278
2	0.9955348
unknown	0.64736223
3	0.9954168
4	0.99073654
2	0.9945499
4	0.98206806
0	0.98374647
0	0.9793582
1	0.9911122
6	0.99461925
3	0.99509865
5	0.9952726
4	0.9906587
0	0.91994
6	0.9941797
2	0.99483085
0	0.8606955
5	0.99546784
1	0.9904816
4	0.990369
3	0.9956801
3	0.99553114
2	0.99573004
0	0.9871366
5	0.9954076
6	0.9951485
5	0.9954212
4	0.99197006
0	0.9809331
5	0.99548423
2	0.99293375
2	0.9955252
4	0.9913462
4	0.99137414
4	0.99072886
1	0.99104
4	0.99185044
2	0.9954288
1	0.9870541
unknown	0.51522917
0	0.9909418
5	0.99554557
6	0.99457026
3	0.99539745
5	0.995701
3	0.99195784
2	0.9957093
0	0.9920845
3	0.9955421
4	0.99213225
6	0.99481815
3	0.9954289
3	0.99562484
6	0.99471366
0	0.9862138
0	0.99199766
2	0.99416053
5	0.99527025
6	0.99203205
2	0.9947587
5	0.9956247
unknown	0.52192104
2	0.99568135
1	0.96223104
0	0.9736876
3	0.9956407
0	0.9917962
6	0.9949722
1	0.9906457
3	0.9952647
2	0.9948803
0	0.95869786
0	0.9886733
3	0.9951274
5	0.9954758
3	0.99558824
5	0.99565345
3	0.9948316
4	0.9879155
4	0.9917243
1	0.9843311
6	0.99389553
3	0.9950854
3	0.9957691
unknown	0.420762
4	0.98835987
2	0.9947907
3	0.9951312
2	0.9939885
3	0.99561507
1	0.98872256
1	0.8337456
1	0.9904345
4	0.9907051
6	0.99130666
1	0.85933584
3	0.99554056
1	0.98994946
0	0.9928053
2	0.9957165
6	0.9898519
5	0.99476796
3	0.99526566
4	0.9860631
5	0.9953657
6	0.99454993
0	0.98524094
2	0.9947571
4	0.9914774
3	0.99544007
3	0.994731
4	0.9922648
3	0.99575025
2	0.9942557
0	0.9902498
6	0.9933133
4	0.9913171
5	0.9953243
6	0.99484044
6	0.9912553
3	0.9952279
6	0.9940302
1	0.9770245
1	0.9920233
1	0.9859155
2	0.9950693
2	0.9957348
1	0.9915546
5	0.9954155
2	0.99590254
5	0.9951923
4	0.9912462
4	0.984347
6	0.99389315
4	0.9915377
2	0.9945939
4	0.95685375
4	0.9919896
0	0.9607976
1	0.9897588
3	0.9949774
2	0.9946847
4	0.9906699
1	0.990013
0	0.991663
5	0.9901434
1	0.99170625
2	0.99470645
1	0.9913626
0	0.9813509
6	0.9943597
6	0.99422395
5	0.9954322
5	0.9952771
2	0.99558294
6	0.9526045
2	0.9956608
0	0.99214184
4	0.9926199
0	0.97407156
2	0.994488
3	0.99426085
5	0.99547994
6	0.994221
1	0.98789734
5	0.99536777
4	0.99022055
2	0.9948278
6	0.9948045
1	0.9914787
0	0.77071285
5	0.99556994
2	0.99478495
2	0.99407953
4	0.99183875
3	0.99549717
6	0.99049205
6	0.99245584
4	0.9920154
2	0.9945734
6	0.990906
0	0.99169266
5	0.9955366
4	0.9824568
4	0.98943144
1	0.9866655
6	0.992874
4	0.99195296
1	0.9887243
5	0.9949391
5	0.99564046
3	0.9946045
3	0.9952025
5	0.9954855
1	0.9918126
1	0.989397
1	0.9902229
2	0.9950632
6	0.9939992
4	0.99212927
6	0.9944925
3	0.99563223
1	0.99103814
6	0.99439293
1	0.96677023
2	0.9957259
6	0.9951535
3	0.9951532
5	0.991944
4	0.9922501
0	0.92256814
0	0.73375344
1	0.99027145
3	0.99539554
4	0.9907572
5	0.99483925
6	0.99476665
6	0.9942923
0	0.9271079
1	0.9446459
0	0.9924978
4	0.98909646
5	0.9954742
3	0.994703
2	0.99474025
3	0.9944675
5	0.99511385
0	0.9905431
2	0.99464375
3	0.9955806
3	0.9944199
6	0.9941182
4	0.9907093
2	0.9947473
4	0.99257267
6	0.99444
4	0.9860695
6	0.9937321
4	0.9927658
3	0.9948006
4	0.9789556
6	0.99416476
2	0.9946405
6	0.9941972
6	0.9947567
3	0.9956652
0	0.98432225
4	0.9903892
0	0.99188167
unknown	0.43223023
0	0.99250907
0	0.9832251
3	0.9953088
2	0.9947964
3	0.9947265
1	0.97921693
4	0.99120265
2	0.9952221
0	0.99110293
5	0.9956649
2	0.9946426
6	0.9943511
3	0.9949549
3	0.99553317
0	0.99069774
4	0.99115026
6	0.99463284
1	0.9915714
4	0.9884875
6	0.9942394
6	0.90048945
4	0.99242663
4	0.9922533
4	0.9881554
0	0.97731286
3	0.9947876
2	0.9957663
5	0.99511945
1	0.9869834
1	0.95942307
2	0.99434066
1	0.98619246
5	0.9869712
6	0.99452126
0	0.9433894
6	0.99483585
4	0.9822834
1	0.99204963
6	0.99330384
3	0.995862
6	0.99447566
unknown	0.572136
1	0.72741795
5	0.9952819
2	0.9955436
0	0.98937374
4	0.9922084
unknown	0.6794281
3	0.99353004
4	0.98948205
2	0.99464667
3	0.99540466
2	0.9956608
6	0.9943924
6	0.9944351
5	0.9914799
6	0.993859
0	0.9865868
0	0.99116176
2	0.9937585
4	0.9813157
2	0.9959978
3	0.99519396
1	0.8246687
5	0.9955837
5	0.99545586
6	0.9941641
2	0.9956409
0	0.97932833
4	0.99070996
6	0.9946908
unknown	0.58809626
1	0.98561245
1	0.98293895
3	0.9954897
1	0.98848766
5	0.99529654
1	0.97076625
2	0.99577224
5	0.99495584
unknown	0.49738425
3	0.9948736
4	0.9912862
1	0.9926573
2	0.9951523
2	0.9951882
1	0.9910457
5	0.9955496
4	0.989877
4	0.9900216
3	0.99555993
5	0.995308
0	0.9791954
2	0.99565667
6	0.99440527
6	0.99481344
6	0.99434155
0	0.97764677
3	0.99560636
3	0.9954673
6	0.9909891
1	0.9866246
1	0.990767
6	0.9941223
1	0.9896792
3	0.9957288
5	0.9955605
6	0.9952868
1	0.99120086
3	0.99562377
1	0.99171376
3	0.9950692
5	0.99560493
4	0.9910529
6	0.99435115
1	0.9879579
2	0.9956594
0	0.97592723
6	0.99412507
2	0.995697
6	0.99418557
3	0.9955416
3	0.9956028
2	0.99559367
5	0.9954901
5	0.9955242
2	0.9948579
6	0.9921347
5	0.99543726
6	0.9945385
4	0.99195534
unknown	0.5918393
5	0.9953915
3	0.995925
4	0.99259454
3	0.9949058
2	0.9937634
1	0.9916474
1	0.9806724
1	0.9901753
6	0.99522555
1	0.96793234
1	0.9767802
3	0.99545056
0	0.9234343
unknown	0.52192104
0	0.9469839
6	0.9943718
4	0.8403233
1	0.8049813
4	0.991723
1	0.8789919
1	0.9922437
3	0.99514604
2	0.9959408
1	0.9193319
5	0.9946772
4	0.9898141
5	0.9952808
6	0.9943763
unknown	0.6230496
6	0.9940032
0	0.991142
4	0.9870048
5	0.99514335
2	0.99581325
4	0.99199384
5	0.9954505
3	0.9957979
0	0.93060243
1	0.9913828
3	0.9947146
3	0.9949447
4	0.9919721
6	0.99442834
0	0.9913166
1	0.99245405
2	0.9956793
6	0.9934275
6	0.99381083
unknown	0.52192104
5	0.99565846
0	0.9908242
0	0.95475423
2	0.994452
5	0.995539
3	0.96783435
0	0.9830889
3	0.995637
0	0.99004054
5	0.9904575
6	0.9933477
2	0.99575937
5	0.9906243
5	0.9915505
3	0.9952601
2	0.99561286
4	0.9892633
4	0.9914782
1	0.98666227
5	0.99504113
2	0.9956389
3	0.99558246
3	0.99517196
5	0.99540216
4	0.99251825
3	0.99545246
6	0.9947474
2	0.99452716
5	0.9951391
2	0.9959107
0	0.9402487
6	0.9926641
4	0.99044585
0	0.99196744
0	0.7138337
1	0.99169767
5	0.9895247
2	0.9953154
3	0.995547
0	0.9836152
6	0.9921131
0	0.7917174
2	0.9945806
6	0.99472725
2	0.99525493
unknown	0.56189674
3	0.9956069
1	0.9927275
1	0.99032176
2	0.99568796
5	0.9951018
3	0.9950641
5	0.9953051
1	0.9919378
0	0.9790879
0	0.8199786
3	0.9957227
6	0.9902558
3	0.9954227
6	0.9899043
6	0.99506956
5	0.9955398
0	0.9833067
2	0.9948508
6	0.9948456
2	0.9911749
1	0.98536336
2	0.994019
2	0.9955836
4	0.9912031
6	0.99364483
5	0.9872382
3	0.9952346
3	0.9953621
3	0.99539393
1	0.99229574
4	0.9918717
6	0.9949406
3	0.99546534
6	0.993284
3	0.99537945
5	0.995542
3	0.9954828
0	0.9908782
5	0.9953085
6	0.99484056
0	0.98947126
6	0.99353296
3	0.9957242
5	0.99532056
1	0.9910151
2	0.9936285
1	0.99136776
1	0.99016213
1	0.91792095
2	0.9948662
3	0.9954198
3	0.99509317
5	0.9832902
5	0.9955897
3	0.99542445
3	0.99532366
unknown	0.6995991
4	0.99256384
2	0.99517107
0	0.983791
3	0.9951695
1	0.9641519
2	0.9935366
1	0.9888803
2	0.9954072
5	0.99529994
3	0.9955093
4	0.9783115
2	0.99601847
2	0.99496233
3	0.99534976
unknown	0.52192104
1	0.9620697
0	0.9805328
5	0.99522763
3	0.99576324
2	0.9957873
3	0.995616
5	0.99564743
6	0.9860426
1	0.9892022
6	0.9891403
5	0.9953801
1	0.9893302
4	0.9916976
6	0.99283457
3	0.99498904
4	0.99105793
6	0.994175
2	0.9951125
5	0.9952879
6	0.9918099
6	0.9571513
5	0.99539334
5	0.99540377
6	0.9945573
2	0.9955038
5	0.99552536
5	0.9946538
6	0.992763
1	0.9870747
5	0.99560976
3	0.99512297
4	0.9924302
1	0.92587
6	0.99342567
1	0.99073756
5	0.9954858
3	0.9957419
5	0.99013793
2	0.9956536
3	0.99512637
3	0.99568474
1	0.9919927
4	0.9902317
unknown	0.6905366
4	0.9904132
5	0.9955934
6	0.99482924
2	0.9949511
5	0.9953507
3	0.9955803
1	0.9783719
0	0.84921217
5	0.995238
5	0.9952721
6	0.9948279
3	0.99526626
2	0.9946441
4	0.983339
0	0.9888556
4	0.98284906
4	0.99216753
1	0.93719333
3	0.99527794
3	0.9955769
0	0.98951226
6	0.9943868
0	0.86440545
3	0.993328
2	0.99432856
3	0.9926963
4	0.9922894
1	0.99051565
0	0.9892208
1	0.7029532
6	0.99382067
6	0.9943435
4	0.9901384
5	0.995586
unknown	0.4468187
4	0.9918566
0	0.9843183
4	0.98419166
6	0.9914909
5	0.9954548
3	0.9951283
5	0.99549377
5	0.9953246
6	0.9939747
0	0.98337656
5	0.9954257
0	0.98399454
3	0.9952703
2	0.9958372
2	0.9926197
0	0.99019206
6	0.98945445
1	0.98803777
3	0.995618
0	0.9833472
4	0.99151814
6	0.99404955
0	0.99192023
2	0.9958345
2	0.99425936
0	0.9504682
0	0.9916525
3	0.9951942
3	0.9951062
4	0.99194515
3	0.99552155
3	0.99568945
3	0.99551284
4	0.9922691
3	0.9950317
2	0.99394816
0	0.9869057
0	0.98397493
0	0.98689175
4	0.98473465
6	0.9945791
0	0.96612716
1	0.91210365
5	0.9952745
2	0.9958362
0	0.98947555
6	0.990555
4	0.99199665
3	0.9949093
3	0.9954494
1	0.9916819
5	0.9954771
0	0.9548532
1	0.97814715
4	0.9904986
5	0.9820223
6	0.9943211
2	0.9959415
6	0.9934777
5	0.9956657
unknown	0.55117774
6	0.98437744
3	0.9957275
6	0.9944549
4	0.9908213
0	0.9836578
2	0.9943115
1	0.98984426
4	0.9913134
3	0.99497783
3	0.99535775
6	0.9945159
3	0.99470294
4	0.99193907
6	0.994004
6	0.99428976
4	0.975771
0	0.9907883
5	0.9954528
6	0.9946136
6	0.99478894
2	0.9953597
3	0.99536455
6	0.9944835
1	0.9872284
6	0.9937063
5	0.99535125
3	0.9953015
3	0.9957623
3	0.9955434
2	0.9942106
0	0.971351
1	0.98228407
3	0.99524474
4	0.9842456
3	0.99541277
5	0.9953302
6	0.9943294
2	0.9948484
0	0.9869224
1	0.9905454
1	0.9890802
5	0.99558973
6	0.99384445
2	0.99565625
0	0.9923631
1	0.99186116
6	0.9862904
5	0.99548465
5	0.9924594
5	0.9952472
2	0.9958932
5	0.99517006
6	0.9922711
0	0.9916358
5	0.99518675
4	0.9922912
1	0.9652416
2	0.9948483
4	0.9899765
3	0.9949222
3	0.9953191
0	0.99054086
4	0.99025637
2	0.9948516
1	0.99132466
4	0.99102265
1	0.9924833
2	0.9949099
6	0.9943571
1	0.98668706
5	0.99533427
5	0.99551237
6	0.98851234
1	0.9785618
unknown	0.4944002
2	0.9952751
4	0.98512983
6	0.9946654
4	0.98835814
5	0.99553335
5	0.9947832
0	0.99188185
4	0.947046
6	0.994578
2	0.9946714
4	0.99223703
3	0.99562526
0	0.9351456
6	0.9948044
2	0.9951296
3	0.99548274
4	0.99148494
6	0.9942616
unknown	0.5966122
1	0.7805586
4	0.9781342
5	0.9706199
0	0.95941854
2	0.9956182
0	0.99237674
0	0.9917074
0	0.9726641
5	0.9955322
4	0.99188405
6	0.98623365
6	0.99446404
4	0.9829401
4	0.97169137
4	0.99140954
0	0.99303955
1	0.9888093
6	0.9863887
5	0.9954761
1	0.7365452
6	0.99399436
3	0.9956575
5	0.98620707
0	0.9880455
6	0.9941942
6	0.9940295
1	0.9891463
1	0.98462284
4	0.9922239
5	0.99535227
4	0.99126786
2	0.9957058
5	0.99496776
2	0.995656
3	0.99448293
1	0.99202013
4	0.9907479
2	0.9941734
3	0.9955615
2	0.9957516
5	0.9951203
unknown	0.54022455
2	0.99546486
6	0.99506533
4	0.9915057
6	0.9802165
6	0.99486345
6	0.99467546
3	0.9956483
6	0.99198407
1	0.9627276
2	0.99580616
2	0.9948195
4	0.99057674
0	0.9900305
5	0.995523
5	0.99547
4	0.9927021
5	0.9955873
2	0.99423206
1	0.9687294
5	0.99498653
2	0.99574316
4	0.98944545
4	0.9911623
2	0.99554545
2	0.99420744
0	0.99143153
1	0.9880799
6	0.9938506
5	0.995244
6	0.9925728
6	0.9942521
0	0.990956
6	0.9946944
1	0.9854292
1	0.9913781
5	0.99556637
0	0.96712947
5	0.9956379
5	0.9954792
unknown	0.4959703
2	0.99408317
5	0.995216
4	0.9859579
2	0.99529165
1	0.991677
2	0.9947086
4	0.99196523
0	0.99189293
4	0.9921613
1	0.9908056
0	0.98447436
3	0.9950891
1	0.9920589
0	0.7836838
5	0.9956354
6	0.9942781
2	0.994767
1	0.99049234
3	0.9950979
1	0.9897841
6	0.9932154
5	0.9952981
1	0.98922336
0	0.99106133
0	0.9917606
6	0.994459
2	0.9946047
3	0.9952446
2	0.9957244
6	0.98503685
0	0.95262086
4	0.9899397
0	0.9908813
5	0.78866947
5	0.9955329
2	0.99460465
4	0.9912263
5	0.99119127
3	0.99553704
0	0.987232
6	0.99498266
4	0.99051523
4	0.99192464
5	0.9951909
6	0.9410272
6	0.99500984
1	0.99099827
4	0.9919294
0	0.9913781
1	0.9918734
0	0.8786474
0	0.9893975
2	0.9947086
1	0.9892612
1	0.89410967
3	0.9953764
3	0.9948696
1	0.99020916
unknown	0.65373725
3	0.9955116
1	0.94261646
6	0.9942696
1	0.99159616
6	0.9944768
1	0.973273
3	0.995045
1	0.98515165
5	0.99530774
5	0.99546516
5	0.9954165
0	0.97010446
5	0.9953738
3	0.9958302
6	0.99373466
0	0.99258006
1	0.9914499
3	0.99563706
2	0.994259
0	0.7889662
1	0.9901272
1	0.9914176
4	0.99179184
unknown	0.5799507
3	0.9955337
2	0.99395335
0	0.97056246
4	0.98967725
4	0.98787045
2	0.99584854
4	0.98606265
5	0.9954624
unknown	0.59952736
4	0.97803926
4	0.9893131
2	0.99496543
4	0.99083674
1	0.99190694
3	0.9954493
2	0.9951691
3	0.99497485
4	0.98944193
1	0.9909525
4	0.98871213
1	0.97879314
5	0.99546885
5	0.99529415
2	0.9952076
6	0.992307
0	0.99113125
2	0.99480593
4	0.89516973
3	0.9957378
3	0.9949438
4	0.9910856
0	0.97595173
1	0.97949636
2	0.9954684
0	0.972689
0	0.7814679
3	0.9956517
1	0.98920214
5	0.9955791
1	0.9843175
4	0.9807234
6	0.99398154
5	0.99557674
6	0.9943898
2	0.99449956
3	0.9953817
2	0.99573904
1	0.99025685
3	0.99563915
3	0.9955903
3	0.9947971
5	0.98981357
2	0.9956213
5	0.9954417
3	0.99522555
0	0.99139017
2	0.9945593
3	0.9955015
2	0.9946549
4	0.99108493
0	0.9916195
3	0.99489653
3	0.9952459
4	0.9904715
1	0.989757
6	0.99479187
5	0.9953995
3	0.9954228
3	0.9956565
0	0.95311517
1	0.98606056
5	0.9951202
6	0.99440676
3	0.9956997
5	0.99514735
2	0.9941521
0	0.9883427
6	0.9921188
1	0.97856015
0	0.8563096
4	0.9903766
3	0.9955985
2	0.9953648
4	0.9925737
5	0.9950357
0	0.9922798
0	0.98762906
1	0.9916119
4	0.9916706
0	0.9907638
4	0.99061745
3	0.99514246
2	0.99406207
6	0.9948453
1	0.9919292
5	0.9953163
6	0.99370944
1	0.9644682
2	0.99403113
4	0.98567283
2	0.9955692
3	0.99548495
4	0.9915816
1	0.9915196
5	0.99523324
1	0.86241937
4	0.9824383
6	0.99232537
4	0.9846872
6	0.99407125
5	0.99567324
1	0.93152606
4	0.99160457
2	0.99477386
4	0.9921106
1	0.99083996
1	0.9910861
2	0.9945819
6	0.99405944
unknown	0.5046315
6	0.9935071
1	0.9908796
4	0.9913175
0	0.9818299
0	0.99238086
5	0.9953655
0	0.9881752
2	0.99452037
unknown	0.59915817
2	0.99546355
2	0.99465835
unknown	0.5985092
4	0.9910389
0	0.79723334
3	0.9950962
0	0.99165654
1	0.9608951
4	0.9906057
0	0.99112284
1	0.9912356
4	0.9901089
6	0.9916978
5	0.99545217
6	0.99417037
6	0.9945767
2	0.99562263
4	0.98681676
4	0.9914338
1	0.9895625
5	0.9948298
0	0.8050958
4	0.98616666
6	0.7568795
4	0.9882353
6	0.9941424
3	0.9945425
1	0.99081403
6	0.9946201
6	0.9950534
0	0.9926754
6	0.98532706
3	0.9954691
0	0.9593118
0	0.9852069
0	0.96502775
1	0.9844633
0	0.93266994
5	0.9952613
5	0.99128526
5	0.9954237
0	0.9780223
5	0.9956186
6	0.9939058
5	0.99489725
6	0.9947002
1	0.8580506
3	0.9951189
5	0.9956701
2	0.9943443
3	0.99503106
4	0.98557705
2	0.9958464
3	0.9954354
5	0.99550676
0	0.94032294
4	0.992169
2	0.9955608
1	0.98300254
1	0.9869387
1	0.9910675
6	0.99500763
6	0.994618
6	0.99432987
unknown	0.49130672
6	0.9940041
5	0.9954642
4	0.9859033
1	0.9836973
3	0.99524635
1	0.99191827
5	0.9954956
1	0.9732899
3	0.99555385
0	0.99184465
6	0.99396443
2	0.99579376
1	0.9908037
3	0.9950758
5	0.9952082
5	0.9953425
1	0.99141467
5	0.99482995
3	0.99553514
6	0.99475574
4	0.9901295
5	0.99553865
5	0.99544024
4	0.9922208
6	0.9944343
5	0.9952783
5	0.98686296
0	0.991663
0	0.97941333
2	0.99556285
6	0.99359673
2	0.9960172
5	0.9955262
3	0.99561477
2	0.9943064
6	0.9938148
5	0.99556303
0	0.9142346
5	0.9954669
6	0.9944779
5	0.9953121
4	0.99231285
4	0.9896705
5	0.99517065
0	0.98440915
6	0.9927393
0	0.9855193
3	0.99537975
1	0.9919882
3	0.9954123
5	0.9954519
1	0.9920953
5	0.99534637
1	0.99120635
6	0.9911823
2	0.9957884
4	0.9907642
4	0.9897517
1	0.98221743
3	0.994738
3	0.99552643
5	0.995188
4	0.9127752
2	0.9957726
6	0.9943377
1	0.9890335
5	0.9956246
3	0.99553585
6	0.9936032
6	0.9788223
6	0.9925338
6	0.9867622
6	0.9899089
6	0.98406285
6	0.9368638
6	0.99334955
6	0.99263823
6	0.9912267
6	0.9919345
6	0.9887877
6	0.9873116
6	0.9927148
6	0.99134356
6	0.99164295
6	0.9913466
6	0.98776627
6	0.9938187
6	0.9749315
unknown	0.38020903
6	0.98430806
6	0.9938891
6	0.99138457
6	0.993553
6	0.96834576
6	0.99116516
6	0.9930818
6	0.99422073
6	0.99222994
6	0.991009
6	0.9934121
6	0.99206907
6	0.99095744
6	0.99001336
6	0.9922723
6	0.9910929
6	0.9916675
6	0.99269694
unknown	0.6584607
6	0.9854968
6	0.96863735
6	0.9913169
6	0.98797184
6	0.9890555
6	0.9912776
6	0.9878428
6	0.9339233
6	0.9802281
6	0.990962
6	0.9934178
6	0.99183106
6	0.9859224
6	0.9921531
6	0.9884135
6	0.99097246
6	0.9935908
6	0.9887586
6	0.99004793
6	0.993831
6	0.9909371
6	0.99006325
6	0.99104726
6	0.98982793
6	0.98967606
6	0.992689
6	0.9923799
6	0.9915171
6	0.94811606
6	0.9822246
6	0.99352
6	0.991844
6	0.9925092
6	0.98547834
6	0.96596444
6	0.9920142
6	0.9920306
6	0.9898345
6	0.9877943
6	0.98721874
6	0.9804072
6	0.9766552
6	0.9857877
6	0.9905848
6	0.98346984
6	0.9926823
6	0.9900506
6	0.98745763
6	0.9788483
6	0.9926415
6	0.99278927
6	0.9932738
6	0.99354625
6	0.99140996
6	0.9913042
6	0.9900805
6	0.9925671
6	0.99108595
6	0.9928788
6	0.9930006
6	0.9809491
6	0.987264
6	0.9899177
6	0.9812413
6	0.9920096
6	0.98957485
6	0.93491685
6	0.97336304
6	0.98694485
6	0.9898702
6	0.9933027
6	0.9860177
6	0.9912792
6	0.9933281
6	0.97903967
6	0.9900777
6	0.9919237
6	0.89673215
6	0.9873419
6	0.99046683
6	0.9926374
6	0.9901014
6	0.95866466
6	0.9750851
6	0.97968453
6	0.9925144
6	0.9923776
6	0.9913573
6	0.9914313
6	0.9916216
6	0.98879576
6	0.9906299
6	0.98982257
6	0.9928909
6	0.98952717
6	0.9723991
6	0.9906226
6	0.987391
6	0.9887649
6	0.98835015
6	0.9932739
6	0.9510746
6	0.99290425
6	0.9853302
6	0.99299395
6	0.99335945
6	0.96961266
6	0.99341935
6	0.99195075
6	0.9871794
6	0.99028105
6	0.99165374
6	0.98342764
6	0.98645204
6	0.98759985
6	0.98040885
7	0.9660029
6	0.9897927
6	0.987973
6	0.9609902
6	0.9903451
6	0.9854738
6	0.9896445
6	0.982599
6	0.9910004
6	0.99194753
6	0.9920685
6	0.99026936
6	0.9854222
6	0.98453987
6	0.9694638
6	0.97940385
6	0.99247664
6	0.9868896
6	0.9903951
6	0.9915528
6	0.99003613
6	0.99329925
6	0.99109054
6	0.9932275
6	0.9905344
6	0.9923808
6	0.9879901
6	0.9905958
6	0.99237007
6	0.9915371
6	0.9931984
6	0.9416084
6	0.99233943
6	0.99103296
6	0.98676133
6	0.99039173
6	0.99232215
6	0.98988515
6	0.9933541
6	0.99258304
6	0.95951265
6	0.99228185
6	0.9917925
6	0.9922371
6	0.96908337
6	0.9647728
6	0.9928581
6	0.9812421
6	0.98243856
6	0.9923312
6	0.95905626
6	0.9894365
6	0.9940316
6	0.9873875
6	0.993658
6	0.9639541
6	0.99285686
6	0.98898816
6	0.9912435
6	0.9552779
6	0.9915998
6	0.991674
6	0.9634538
6	0.9925707
6	0.9880055
6	0.98859465
6	0.9892199
6	0.99249345
6	0.991395
6	0.98697776
6	0.99263084
6	0.99229693
6	0.99131334
6	0.99231565
6	0.9910433
6	0.9838025
6	0.9850535
6	0.98968714
6	0.97883797
6	0.9921001
6	0.98752147
6	0.9873437
6	0.96891457
6	0.9894714
6	0.96830845
6	0.9917848
6	0.9907308
6	0.9924363
6	0.98695296
6	0.9888022
6	0.99213415
6	0.99183625
6	0.990814
6	0.9932639
6	0.99063176
6	0.99077517
6	0.9801457
6	0.99027276
6	0.99266493
6	0.9730184
6	0.91738266
6	0.9920632
6	0.9920878
6	0.9924418
6	0.9843576
6	0.8375107
6	0.99150854
6	0.9913995
6	0.9888607
6	0.9929248
6	0.99252677
6	0.98435634
6	0.9916022
6	0.9904323
6	0.9899458
6	0.9911264
6	0.98907083
6	0.99267787
unknown	0.6113585
6	0.9905102
6	0.95946616
6	0.9925645
6	0.9911532
6	0.9230413
6	0.99141186
6	0.99239814
6	0.971724
6	0.9858716
6	0.9914111
6	0.99279517
6	0.9899373
6	0.99052423
6	0.9830245
6	0.99273574
6	0.9928993
6	0.99212
6	0.9921375
6	0.9922435
6	0.9889335
6	0.98891354
6	0.9902915
6	0.99242514
6	0.9910809
6	0.98159957
6	0.9846537
6	0.9923933
6	0.99363637
6	0.9900931
6	0.9899609
6	0.98832357
6	0.9934106
6	0.984307
6	0.9934791
6	0.99347794
6	0.9931533
6	0.9921942
6	0.95721203
6	0.99156046
6	0.97869426
6	0.9932061
6	0.9783572
6	0.9829203
6	0.98915654
6	0.9908193
6	0.9902441
6	0.9898114
6	0.9929572
6	0.9923924
6	0.9114425
6	0.985164
6	0.9940416
6	0.9885229
6	0.99292004
6	0.9903504
6	0.99167264
6	0.9926875
6	0.9902698
6	0.98845315
6	0.9929992
6	0.9897127
6	0.97616965
6	0.94866747
6	0.99266285
6	0.9913154
6	0.9918377
6	0.9565358
6	0.9922658
6	0.937351
6	0.99303514
6	0.99228114
6	0.98429996
6	0.9918746
6	0.98653823
6	0.9880136
6	0.99323297
6	0.9930521
6	0.9935655
6	0.98988074
6	0.9877438
6	0.9921859
6	0.9226143
6	0.99270004
6	0.9941157
6	0.99172175
6	0.9794525
6	0.9778078
6	0.9690496
6	0.9900413
6	0.8515965
6	0.9873132
6	0.99345976
6	0.99053264
6	0.9929669
6	0.98204374
6	0.98998195
6	0.9926604
6	0.98838013
6	0.99304646
6	0.9905854
6	0.9903768
6	0.9777788
6	0.97322655
6	0.98709035
6	0.99242204
6	0.98623264
6	0.9924023
6	0.98444176
6	0.98649055
6	0.99249023
6	0.9923151
6	0.9920976
6	0.9932229
6	0.9935147
6	0.97936934
6	0.98860395
6	0.9237423
6	0.99072427
6	0.98973453
6	0.96060646
6	0.9921596
6	0.88127625
6	0.9913752
6	0.98131126
6	0.8234329
6	0.991621
6	0.9902735
6	0.97068506
6	0.99319494
6	0.9931632
6	0.9884515
6	0.9921082
6	0.9792773
6	0.9899098
6	0.9857717
6	0.9873497
6	0.98974115
6	0.97690254
6	0.99311507
6	0.9921881
6	0.9902182
6	0.99279505
6	0.98554736
6	0.9532615
6	0.96996224
6	0.9891419
6	0.99282366
6	0.9928774
6	0.9875716
6	0.99379444
6	0.9742396
6	0.9929635
6	0.9927573
6	0.9789038
6	0.9888985
unknown	0.6601465
6	0.99039483
6	0.9856284
6	0.98691756
6	0.97484636
6	0.98440045
6	0.98271686
6	0.9921721
6	0.9581822
6	0.9909437
6	0.9810654
6	0.9760973
6	0.9929586
7	0.98740184
6	0.9890867
6	0.9931292
6	0.99214524
6	0.9913684
6	0.91926163
6	0.9924364
6	0.9924773
6	0.9934533
6	0.9907785
6	0.9843934
6	0.99213815
6	0.9852717
6	0.99156076
6	0.9891331
6	0.98978657
6	0.9938499
6	0.9917143
6	0.9917472
6	0.9879065
6	0.99236923
6	0.9908964
6	0.99310976
6	0.99057317
6	0.9869835
6	0.99354595
6	0.9926233
6	0.99099195
6	0.991277
6	0.9934311
6	0.9904931
6	0.9858
6	0.98676664
6	0.9891941
6	0.99068713
6	0.9865901
6	0.99022067
6	0.9842059
6	0.99181527
6	0.9127455
6	0.98201835
6	0.9901937
6	0.99370056
6	0.98052084
6	0.99163496
6	0.966327
6	0.99309015
6	0.98814064
6	0.9929036
6	0.9314905
6	0.9925488
6	0.9879834
6	0.99203485
6	0.99199575
6	0.9927235
6	0.8976201
6	0.9851148
6	0.9915977
